country,year,estimate,hi,lo
AFG,2009,NA,NA,NA
AFG,2010,NA,NA,NA
AFG,2011,NA,NA,NA
AFG,2012,NA,NA,NA
AFG,2013,NA,NA,NA
AFG,2014,NA,NA,NA
AFG,2015,NA,NA,NA
AFG,2016,NA,NA,NA
AFG,2017,NA,NA,NA
AGO,2009,NA,NA,NA
AGO,2010,0.03,0.04,0.02
AGO,2011,0.05,0.07,0.04
AGO,2012,0.06,0.08,0.05
AGO,2013,0.15,0.2,0.12
AGO,2014,0.1,0.14,0.08
AGO,2015,0.06,0.08,0.05
AGO,2016,0.01,0.02,0.01
AGO,2017,0.01,0.02,0.01
AIA,2009,NA,NA,NA
AIA,2010,NA,NA,NA
AIA,2011,NA,NA,NA
AIA,2012,NA,NA,NA
AIA,2013,NA,NA,NA
AIA,2014,NA,NA,NA
AIA,2015,NA,NA,NA
AIA,2016,NA,NA,NA
AIA,2017,NA,NA,NA
ALB,2009,NA,NA,NA
ALB,2010,NA,NA,NA
ALB,2011,NA,NA,NA
ALB,2012,NA,NA,NA
ALB,2013,NA,NA,NA
ALB,2014,NA,NA,NA
ALB,2015,NA,NA,NA
ALB,2016,NA,NA,NA
ALB,2017,NA,NA,NA
ARE,2009,NA,NA,NA
ARE,2010,NA,NA,NA
ARE,2011,NA,NA,NA
ARE,2012,NA,NA,NA
ARE,2013,NA,NA,NA
ARE,2014,NA,NA,NA
ARE,2015,NA,NA,NA
ARE,2016,NA,NA,NA
ARE,2017,NA,NA,NA
ARG,2009,NA,NA,NA
ARG,2010,NA,NA,NA
ARG,2011,0.13,0.14,0.11
ARG,2012,0.12,0.14,0.11
ARG,2013,0.12,0.14,0.11
ARG,2014,0.52,0.61,0.48
ARG,2015,0.53,0.61,0.48
ARG,2016,0.67,0.77,0.61
ARG,2017,0.66,0.77,0.6
ARM,2009,NA,NA,NA
ARM,2010,NA,NA,NA
ARM,2011,NA,NA,NA
ARM,2012,NA,NA,NA
ARM,2013,NA,NA,NA
ARM,2014,NA,NA,NA
ARM,2015,NA,NA,NA
ARM,2016,NA,NA,NA
ARM,2017,NA,NA,NA
ATG,2009,NA,NA,NA
ATG,2010,NA,NA,NA
ATG,2011,NA,NA,NA
ATG,2012,NA,NA,NA
ATG,2013,NA,NA,NA
ATG,2014,NA,NA,NA
ATG,2015,NA,NA,NA
ATG,2016,NA,NA,NA
ATG,2017,NA,NA,NA
AUS,2009,NA,NA,NA
AUS,2010,NA,NA,NA
AUS,2011,NA,NA,NA
AUS,2012,NA,NA,NA
AUS,2013,NA,NA,NA
AUS,2014,NA,NA,NA
AUS,2015,NA,NA,NA
AUS,2016,NA,NA,NA
AUS,2017,NA,NA,NA
AUT,2009,NA,NA,NA
AUT,2010,NA,NA,NA
AUT,2011,NA,NA,NA
AUT,2012,NA,NA,NA
AUT,2013,NA,NA,NA
AUT,2014,NA,NA,NA
AUT,2015,NA,NA,NA
AUT,2016,NA,NA,NA
AUT,2017,NA,NA,NA
AZE,2009,0.26,0.35,0.18
AZE,2010,0.24,0.31,0.17
AZE,2011,0.38,0.54,0.27
AZE,2012,0.55,0.76,0.39
AZE,2013,0.61,0.83,0.44
AZE,2014,0.74,0.95,0.53
AZE,2015,0.83,0.95,0.64
AZE,2016,0.75,0.95,0.56
AZE,2017,0.74,0.95,0.56
BDI,2009,NA,NA,NA
BDI,2010,0.1,0.15,0.08
BDI,2011,0.1,0.15,0.08
BDI,2012,0.11,0.16,0.09
BDI,2013,0.18,0.26,0.15
BDI,2014,0.12,0.16,0.1
BDI,2015,0.02,0.02,0.02
BDI,2016,0.12,0.16,0.1
BDI,2017,0.2,0.28,0.16
BEL,2009,NA,NA,NA
BEL,2010,NA,NA,NA
BEL,2011,NA,NA,NA
BEL,2012,NA,NA,NA
BEL,2013,NA,NA,NA
BEL,2014,NA,NA,NA
BEL,2015,NA,NA,NA
BEL,2016,NA,NA,NA
BEL,2017,NA,NA,NA
BEN,2009,NA,NA,NA
BEN,2010,NA,NA,NA
BEN,2011,0.1,0.17,0.06
BEN,2012,0.09,0.15,0.05
BEN,2013,0.12,0.21,0.08
BEN,2014,0.26,0.44,0.17
BEN,2015,0.27,0.46,0.17
BEN,2016,0.25,0.44,0.16
BEN,2017,0.32,0.55,0.2
BFA,2009,0.03,0.05,0.03
BFA,2010,0.09,0.14,0.07
BFA,2011,0.13,0.2,0.11
BFA,2012,0.19,0.27,0.15
BFA,2013,0.25,0.35,0.2
BFA,2014,0.3,0.43,0.24
BFA,2015,0.28,0.4,0.22
BFA,2016,0.15,0.21,0.11
BFA,2017,0.16,0.23,0.12
BGD,2009,NA,NA,NA
BGD,2010,0.02,0.03,0.02
BGD,2011,0.02,0.03,0.02
BGD,2012,0.02,0.03,0.02
BGD,2013,0.03,0.03,0.02
BGD,2014,0.15,0.18,0.13
BGD,2015,0.1,0.12,0.08
BGD,2016,0.17,0.2,0.14
BGD,2017,0.14,0.16,0.12
BGR,2009,NA,NA,NA
BGR,2010,NA,NA,NA
BGR,2011,NA,NA,NA
BGR,2012,NA,NA,NA
BGR,2013,NA,NA,NA
BGR,2014,NA,NA,NA
BGR,2015,NA,NA,NA
BGR,2016,NA,NA,NA
BGR,2017,NA,NA,NA
BHR,2009,NA,NA,NA
BHR,2010,NA,NA,NA
BHR,2011,NA,NA,NA
BHR,2012,NA,NA,NA
BHR,2013,NA,NA,NA
BHR,2014,NA,NA,NA
BHR,2015,NA,NA,NA
BHR,2016,NA,NA,NA
BHR,2017,NA,NA,NA
BHS,2009,NA,NA,NA
BHS,2010,NA,NA,NA
BHS,2011,NA,NA,NA
BHS,2012,NA,NA,NA
BHS,2013,NA,NA,NA
BHS,2014,NA,NA,NA
BHS,2015,NA,NA,NA
BHS,2016,NA,NA,NA
BHS,2017,NA,NA,NA
BIH,2009,NA,NA,NA
BIH,2010,NA,NA,NA
BIH,2011,NA,NA,NA
BIH,2012,NA,NA,NA
BIH,2013,NA,NA,NA
BIH,2014,NA,NA,NA
BIH,2015,NA,NA,NA
BIH,2016,NA,NA,NA
BIH,2017,NA,NA,NA
BLR,2009,0.95,0.95,0.95
BLR,2010,0.95,0.95,0.95
BLR,2011,0.95,0.95,0.91
BLR,2012,0.95,0.95,0.95
BLR,2013,0.95,0.95,0.95
BLR,2014,0.95,0.95,0.8
BLR,2015,0.8,0.95,0.59
BLR,2016,0.95,0.95,0.78
BLR,2017,0.87,0.95,0.61
BLZ,2009,0.77,0.89,0.03
BLZ,2010,0.75,0.88,0.03
BLZ,2011,0.72,0.8,0.04
BLZ,2012,0.51,0.57,0.03
BLZ,2013,0.55,0.62,0.03
BLZ,2014,0.5,0.57,0.03
BLZ,2015,0.62,0.7,0.03
BLZ,2016,0.37,0.42,0.02
BLZ,2017,0.36,0.4,0.02
BOL,2009,0.07,0.1,0.05
BOL,2010,0.46,0.67,0.34
BOL,2011,0.46,0.68,0.34
BOL,2012,0.46,0.71,0.34
BOL,2013,0.46,0.67,0.33
BOL,2014,0.44,0.65,0.32
BOL,2015,0.43,0.66,0.32
BOL,2016,0.42,0.61,0.3
BOL,2017,0.4,0.57,0.28
BRA,2009,0.25,0.35,0.19
BRA,2010,0.25,0.35,0.19
BRA,2011,0.46,0.63,0.35
BRA,2012,0.25,0.35,0.19
BRA,2013,0.45,0.63,0.35
BRA,2014,0.45,0.62,0.34
BRA,2015,0.46,0.65,0.35
BRA,2016,0.46,0.63,0.35
BRA,2017,0.45,0.63,0.35
BRB,2009,NA,NA,NA
BRB,2010,NA,NA,NA
BRB,2011,NA,NA,NA
BRB,2012,NA,NA,NA
BRB,2013,NA,NA,NA
BRB,2014,NA,NA,NA
BRB,2015,NA,NA,NA
BRB,2016,NA,NA,NA
BRB,2017,NA,NA,NA
BRN,2009,NA,NA,NA
BRN,2010,NA,NA,NA
BRN,2011,NA,NA,NA
BRN,2012,NA,NA,NA
BRN,2013,NA,NA,NA
BRN,2014,NA,NA,NA
BRN,2015,NA,NA,NA
BRN,2016,NA,NA,NA
BRN,2017,NA,NA,NA
BTN,2009,NA,NA,NA
BTN,2010,NA,NA,NA
BTN,2011,NA,NA,NA
BTN,2012,NA,NA,NA
BTN,2013,NA,NA,NA
BTN,2014,NA,NA,NA
BTN,2015,NA,NA,NA
BTN,2016,NA,NA,NA
BTN,2017,NA,NA,NA
BWA,2009,NA,NA,NA
BWA,2010,0.53,0.62,0.47
BWA,2011,0.35,0.41,0.32
BWA,2012,0.36,0.41,0.33
BWA,2013,0.48,0.55,0.43
BWA,2014,0.41,0.48,0.38
BWA,2015,0.45,0.53,0.41
BWA,2016,0.47,0.54,0.42
BWA,2017,0.5,0.57,0.44
CAF,2009,0.01,0.01,0.01
CAF,2010,0.01,0.01,0.01
CAF,2011,0.07,0.1,0.06
CAF,2012,0.05,0.07,0.04
CAF,2013,0.03,0.04,0.03
CAF,2014,0.09,0.11,0.07
CAF,2015,0.12,0.16,0.1
CAF,2016,0.21,0.27,0.17
CAF,2017,0.23,0.29,0.19
CAN,2009,NA,NA,NA
CAN,2010,NA,NA,NA
CAN,2011,NA,NA,NA
CAN,2012,NA,NA,NA
CAN,2013,NA,NA,NA
CAN,2014,NA,NA,NA
CAN,2015,NA,NA,NA
CAN,2016,NA,NA,NA
CAN,2017,NA,NA,NA
CHE,2009,NA,NA,NA
CHE,2010,NA,NA,NA
CHE,2011,NA,NA,NA
CHE,2012,NA,NA,NA
CHE,2013,NA,NA,NA
CHE,2014,NA,NA,NA
CHE,2015,NA,NA,NA
CHE,2016,NA,NA,NA
CHE,2017,NA,NA,NA
CHL,2009,NA,NA,NA
CHL,2010,NA,NA,NA
CHL,2011,0.64,0.72,0.56
CHL,2012,0.56,0.64,0.5
CHL,2013,0.67,0.77,0.59
CHL,2014,0.77,0.87,0.67
CHL,2015,0.92,0.95,0.79
CHL,2016,0.7,0.79,0.62
CHL,2017,0.85,0.95,0.76
CHN,2009,NA,NA,NA
CHN,2010,NA,NA,NA
CHN,2011,NA,NA,NA
CHN,2012,NA,NA,NA
CHN,2013,NA,NA,NA
CHN,2014,NA,NA,NA
CHN,2015,NA,NA,NA
CHN,2016,NA,NA,NA
CHN,2017,NA,NA,NA
CIV,2009,NA,NA,NA
CIV,2010,0.22,0.34,0.15
CIV,2011,0.03,0.05,0.02
CIV,2012,0.19,0.3,0.13
CIV,2013,0.12,0.19,0.08
CIV,2014,0.33,0.51,0.22
CIV,2015,0.28,0.43,0.19
CIV,2016,0.39,0.61,0.27
CIV,2017,0.4,0.62,0.27
CMR,2009,0.27,0.36,0.23
CMR,2010,0.2,0.26,0.16
CMR,2011,0.25,0.35,0.21
CMR,2012,0.3,0.42,0.26
CMR,2013,0.32,0.43,0.26
CMR,2014,0.36,0.49,0.3
CMR,2015,0.33,0.44,0.27
CMR,2016,0.53,0.71,0.44
CMR,2017,0.51,0.66,0.42
COD,2009,NA,NA,NA
COD,2010,0.03,0.04,0.02
COD,2011,0.05,0.07,0.04
COD,2012,0.07,0.1,0.05
COD,2013,0.1,0.13,0.07
COD,2014,0.14,0.2,0.11
COD,2015,0.16,0.22,0.13
COD,2016,0.2,0.28,0.16
COD,2017,0.34,0.46,0.27
COG,2009,0.08,0.12,0.06
COG,2010,0.07,0.1,0.05
COG,2011,0.03,0.05,0.03
COG,2012,0.05,0.08,0.04
COG,2013,0.04,0.06,0.03
COG,2014,0,0,0
COG,2015,0.01,0.02,0.01
COG,2016,0.02,0.03,0.02
COG,2017,0.03,0.05,0.03
COK,2009,NA,NA,NA
COK,2010,NA,NA,NA
COK,2011,NA,NA,NA
COK,2012,NA,NA,NA
COK,2013,NA,NA,NA
COK,2014,NA,NA,NA
COK,2015,NA,NA,NA
COK,2016,NA,NA,NA
COK,2017,NA,NA,NA
COL,2009,0.05,0.06,0.04
COL,2010,0.1,0.12,0.08
COL,2011,0.18,0.22,0.15
COL,2012,0.22,0.26,0.18
COL,2013,0.3,0.36,0.25
COL,2014,0.37,0.44,0.31
COL,2015,0.45,0.52,0.38
COL,2016,0.44,0.52,0.37
COL,2017,0.48,0.59,0.41
COM,2009,NA,NA,NA
COM,2010,NA,NA,NA
COM,2011,NA,NA,NA
COM,2012,NA,NA,NA
COM,2013,NA,NA,NA
COM,2014,NA,NA,NA
COM,2015,NA,NA,NA
COM,2016,NA,NA,NA
COM,2017,NA,NA,NA
CPV,2009,0.95,0.95,0.85
CPV,2010,0.95,0.95,0.87
CPV,2011,0.95,0.95,0.95
CPV,2012,0.76,0.95,0.63
CPV,2013,0.85,0.95,0.69
CPV,2014,0.94,0.95,0.76
CPV,2015,0.7,0.95,0.58
CPV,2016,0.94,0.95,0.76
CPV,2017,0.93,0.95,0.74
CRI,2009,0.92,0.95,0.81
CRI,2010,0.69,0.78,0.61
CRI,2011,0.66,0.76,0.58
CRI,2012,0.89,0.95,0.81
CRI,2013,0.66,0.75,0.58
CRI,2014,0.78,0.89,0.7
CRI,2015,0.79,0.91,0.71
CRI,2016,0.64,0.74,0.58
CRI,2017,0.71,0.81,0.64
CUB,2009,0.83,0.95,0.75
CUB,2010,0.95,0.95,0.85
CUB,2011,0.95,0.95,0.95
CUB,2012,0.95,0.95,0.95
CUB,2013,0.95,0.95,0.95
CUB,2014,0.92,0.95,0.83
CUB,2015,0.95,0.95,0.95
CUB,2016,0.95,0.95,0.95
CUB,2017,0.95,0.95,0.95
CYP,2009,NA,NA,NA
CYP,2010,NA,NA,NA
CYP,2011,NA,NA,NA
CYP,2012,NA,NA,NA
CYP,2013,NA,NA,NA
CYP,2014,NA,NA,NA
CYP,2015,NA,NA,NA
CYP,2016,NA,NA,NA
CYP,2017,NA,NA,NA
CZE,2009,NA,NA,NA
CZE,2010,NA,NA,NA
CZE,2011,NA,NA,NA
CZE,2012,NA,NA,NA
CZE,2013,NA,NA,NA
CZE,2014,NA,NA,NA
CZE,2015,NA,NA,NA
CZE,2016,NA,NA,NA
CZE,2017,NA,NA,NA
DEU,2009,NA,NA,NA
DEU,2010,NA,NA,NA
DEU,2011,NA,NA,NA
DEU,2012,NA,NA,NA
DEU,2013,NA,NA,NA
DEU,2014,NA,NA,NA
DEU,2015,NA,NA,NA
DEU,2016,NA,NA,NA
DEU,2017,NA,NA,NA
DJI,2009,NA,NA,NA
DJI,2010,NA,NA,NA
DJI,2011,0.02,0.02,0.01
DJI,2012,0.08,0.11,0.05
DJI,2013,0.08,0.11,0.06
DJI,2014,0.02,0.02,0.01
DJI,2015,0.08,0.11,0.06
DJI,2016,0.1,0.14,0.08
DJI,2017,0.1,0.15,0.07
DMA,2009,NA,NA,NA
DMA,2010,NA,NA,NA
DMA,2011,NA,NA,NA
DMA,2012,NA,NA,NA
DMA,2013,NA,NA,NA
DMA,2014,NA,NA,NA
DMA,2015,NA,NA,NA
DMA,2016,NA,NA,NA
DMA,2017,NA,NA,NA
DNK,2009,NA,NA,NA
DNK,2010,NA,NA,NA
DNK,2011,NA,NA,NA
DNK,2012,NA,NA,NA
DNK,2013,NA,NA,NA
DNK,2014,NA,NA,NA
DNK,2015,NA,NA,NA
DNK,2016,NA,NA,NA
DNK,2017,NA,NA,NA
DOM,2009,0.28,0.36,0.21
DOM,2010,0.1,0.13,0.08
DOM,2011,0.43,0.55,0.33
DOM,2012,0.46,0.6,0.36
DOM,2013,0.64,0.81,0.5
DOM,2014,0.95,0.95,0.95
DOM,2015,0.95,0.95,0.94
DOM,2016,0.72,0.94,0.56
DOM,2017,0.8,0.95,0.62
DZA,2009,NA,NA,NA
DZA,2010,NA,NA,NA
DZA,2011,0.38,0.42,0.35
DZA,2012,0.23,0.25,0.21
DZA,2013,0.55,0.6,0.5
DZA,2014,0.27,0.3,0.25
DZA,2015,0.23,0.25,0.21
DZA,2016,0.33,0.37,0.31
DZA,2017,0.61,0.68,0.57
ECU,2009,0.01,0.01,0
ECU,2010,0.01,0.01,0
ECU,2011,0.95,0.95,0.57
ECU,2012,0.87,0.95,0.49
ECU,2013,0.21,0.31,0.12
ECU,2014,0.87,0.95,0.51
ECU,2015,0.54,0.78,0.32
ECU,2016,0.7,0.95,0.4
ECU,2017,0.69,0.95,0.41
EGY,2009,0.04,0.04,0.03
EGY,2010,0.05,0.05,0.04
EGY,2011,0.04,0.05,0.04
EGY,2012,0.04,0.05,0.04
EGY,2013,0.04,0.04,0.03
EGY,2014,0.05,0.06,0.05
EGY,2015,0.07,0.08,0.06
EGY,2016,0.1,0.11,0.09
EGY,2017,0.11,0.12,0.1
ERI,2009,NA,NA,NA
ERI,2010,NA,NA,NA
ERI,2011,NA,NA,NA
ERI,2012,NA,NA,NA
ERI,2013,0.27,0.38,0.21
ERI,2014,0.39,0.54,0.31
ERI,2015,0.36,0.51,0.29
ERI,2016,0.39,0.54,0.3
ERI,2017,0.15,0.21,0.11
ESP,2009,NA,NA,NA
ESP,2010,NA,NA,NA
ESP,2011,NA,NA,NA
ESP,2012,NA,NA,NA
ESP,2013,NA,NA,NA
ESP,2014,NA,NA,NA
ESP,2015,NA,NA,NA
ESP,2016,NA,NA,NA
ESP,2017,NA,NA,NA
EST,2009,NA,NA,NA
EST,2010,NA,NA,NA
EST,2011,NA,NA,NA
EST,2012,NA,NA,NA
EST,2013,NA,NA,NA
EST,2014,NA,NA,NA
EST,2015,NA,NA,NA
EST,2016,NA,NA,NA
EST,2017,NA,NA,NA
ETH,2009,0.04,0.06,0.03
ETH,2010,0.4,0.61,0.3
ETH,2011,0.15,0.23,0.12
ETH,2012,0.24,0.36,0.18
ETH,2013,0.24,0.37,0.18
ETH,2014,0.25,0.37,0.19
ETH,2015,0.31,0.46,0.23
ETH,2016,0.45,0.68,0.34
ETH,2017,0.38,0.58,0.29
FIN,2009,NA,NA,NA
FIN,2010,NA,NA,NA
FIN,2011,NA,NA,NA
FIN,2012,NA,NA,NA
FIN,2013,NA,NA,NA
FIN,2014,NA,NA,NA
FIN,2015,NA,NA,NA
FIN,2016,NA,NA,NA
FIN,2017,NA,NA,NA
FJI,2009,NA,NA,NA
FJI,2010,NA,NA,NA
FJI,2011,NA,NA,NA
FJI,2012,NA,NA,NA
FJI,2013,NA,NA,NA
FJI,2014,NA,NA,NA
FJI,2015,NA,NA,NA
FJI,2016,NA,NA,NA
FJI,2017,NA,NA,NA
FRA,2009,NA,NA,NA
FRA,2010,NA,NA,NA
FRA,2011,NA,NA,NA
FRA,2012,NA,NA,NA
FRA,2013,NA,NA,NA
FRA,2014,NA,NA,NA
FRA,2015,NA,NA,NA
FRA,2016,NA,NA,NA
FRA,2017,NA,NA,NA
FSM,2009,NA,NA,NA
FSM,2010,NA,NA,NA
FSM,2011,NA,NA,NA
FSM,2012,NA,NA,NA
FSM,2013,NA,NA,NA
FSM,2014,NA,NA,NA
FSM,2015,NA,NA,NA
FSM,2016,NA,NA,NA
FSM,2017,NA,NA,NA
GAB,2009,NA,NA,NA
GAB,2010,0.06,0.08,0.05
GAB,2011,0.27,0.35,0.23
GAB,2012,0.28,0.38,0.24
GAB,2013,0.16,0.21,0.14
GAB,2014,0.2,0.26,0.17
GAB,2015,0.24,0.31,0.21
GAB,2016,0.24,0.31,0.21
GAB,2017,0.04,0.05,0.03
GBR,2009,NA,NA,NA
GBR,2010,NA,NA,NA
GBR,2011,NA,NA,NA
GBR,2012,NA,NA,NA
GBR,2013,NA,NA,NA
GBR,2014,NA,NA,NA
GBR,2015,NA,NA,NA
GBR,2016,NA,NA,NA
GBR,2017,NA,NA,NA
GEO,2009,0.61,0.77,0.49
GEO,2010,0.82,0.95,0.66
GEO,2011,0.69,0.85,0.58
GEO,2012,0.62,0.74,0.5
GEO,2013,0.58,0.71,0.51
GEO,2014,0.74,0.89,0.63
GEO,2015,0.77,0.93,0.65
GEO,2016,0.79,0.95,0.64
GEO,2017,0.84,0.95,0.66
GHA,2009,NA,NA,NA
GHA,2010,0.01,0.01,0.01
GHA,2011,0.11,0.14,0.09
GHA,2012,0.09,0.12,0.08
GHA,2013,0.19,0.25,0.15
GHA,2014,0.15,0.21,0.13
GHA,2015,0.2,0.27,0.17
GHA,2016,0.31,0.41,0.25
GHA,2017,0.3,0.41,0.25
GIN,2009,NA,NA,NA
GIN,2010,0.05,0.06,0.04
GIN,2011,0.06,0.08,0.05
GIN,2012,0,0,0
GIN,2013,0.06,0.07,0.05
GIN,2014,0.07,0.09,0.06
GIN,2015,0.04,0.05,0.03
GIN,2016,0.39,0.52,0.32
GIN,2017,0.11,0.15,0.09
GMB,2009,NA,NA,NA
GMB,2010,NA,NA,NA
GMB,2011,NA,NA,NA
GMB,2012,NA,NA,NA
GMB,2013,NA,NA,NA
GMB,2014,0.08,0.1,0.07
GMB,2015,0.11,0.14,0.1
GMB,2016,0.12,0.14,0.1
GMB,2017,0.12,0.14,0.1
GNB,2009,NA,NA,NA
GNB,2010,NA,NA,NA
GNB,2011,0,0,0
GNB,2012,0.03,0.04,0.02
GNB,2013,0.05,0.08,0.04
GNB,2014,0.24,0.34,0.2
GNB,2015,0.35,0.49,0.29
GNB,2016,0.36,0.5,0.29
GNB,2017,0.36,0.51,0.29
GNQ,2009,NA,NA,NA
GNQ,2010,NA,NA,NA
GNQ,2011,NA,NA,NA
GNQ,2012,NA,NA,NA
GNQ,2013,NA,NA,NA
GNQ,2014,NA,NA,NA
GNQ,2015,NA,NA,NA
GNQ,2016,NA,NA,NA
GNQ,2017,NA,NA,NA
GRC,2009,NA,NA,NA
GRC,2010,NA,NA,NA
GRC,2011,NA,NA,NA
GRC,2012,NA,NA,NA
GRC,2013,NA,NA,NA
GRC,2014,NA,NA,NA
GRC,2015,NA,NA,NA
GRC,2016,NA,NA,NA
GRC,2017,NA,NA,NA
GRD,2009,NA,NA,NA
GRD,2010,NA,NA,NA
GRD,2011,NA,NA,NA
GRD,2012,NA,NA,NA
GRD,2013,NA,NA,NA
GRD,2014,NA,NA,NA
GRD,2015,NA,NA,NA
GRD,2016,NA,NA,NA
GRD,2017,NA,NA,NA
GTM,2009,NA,NA,NA
GTM,2010,NA,NA,NA
GTM,2011,0.19,0.21,0.16
GTM,2012,0.17,0.19,0.15
GTM,2013,0.11,0.13,0.1
GTM,2014,0.15,0.17,0.14
GTM,2015,0.15,0.16,0.13
GTM,2016,0.15,0.18,0.14
GTM,2017,0.17,0.19,0.15
GUY,2009,NA,NA,NA
GUY,2010,0.27,0.3,0.24
GUY,2011,0.47,0.53,0.43
GUY,2012,0.38,0.42,0.33
GUY,2013,0.32,0.36,0.3
GUY,2014,0.6,0.67,0.54
GUY,2015,0.55,0.63,0.49
GUY,2016,0.54,0.61,0.48
GUY,2017,0.53,0.61,0.47
HND,2009,0.61,0.74,0.51
HND,2010,0.69,0.86,0.59
HND,2011,0.89,0.95,0.76
HND,2012,0.43,0.53,0.36
HND,2013,0.47,0.58,0.4
HND,2014,0.49,0.62,0.42
HND,2015,0.4,0.5,0.34
HND,2016,0.6,0.77,0.52
HND,2017,0.59,0.76,0.5
HRV,2009,NA,NA,NA
HRV,2010,NA,NA,NA
HRV,2011,NA,NA,NA
HRV,2012,NA,NA,NA
HRV,2013,NA,NA,NA
HRV,2014,NA,NA,NA
HRV,2015,NA,NA,NA
HRV,2016,NA,NA,NA
HRV,2017,NA,NA,NA
HTI,2009,NA,NA,NA
HTI,2010,NA,NA,NA
HTI,2011,0.04,0.06,0.04
HTI,2012,0.39,0.49,0.31
HTI,2013,0.35,0.44,0.29
HTI,2014,0.36,0.46,0.3
HTI,2015,0.32,0.41,0.26
HTI,2016,0.35,0.44,0.29
HTI,2017,0.4,0.5,0.32
HUN,2009,NA,NA,NA
HUN,2010,NA,NA,NA
HUN,2011,NA,NA,NA
HUN,2012,NA,NA,NA
HUN,2013,NA,NA,NA
HUN,2014,NA,NA,NA
HUN,2015,NA,NA,NA
HUN,2016,NA,NA,NA
HUN,2017,NA,NA,NA
IDN,2009,NA,NA,NA
IDN,2010,NA,NA,NA
IDN,2011,NA,NA,NA
IDN,2012,NA,NA,NA
IDN,2013,0.04,0.04,0.03
IDN,2014,0.05,0.05,0.04
IDN,2015,0.06,0.07,0.05
IDN,2016,0.02,0.02,0.01
IDN,2017,0.01,0.01,0.01
IND,2009,NA,NA,NA
IND,2010,0.06,0.09,0.04
IND,2011,0.07,0.1,0.05
IND,2012,0.08,0.11,0.05
IND,2013,0.09,0.13,0.06
IND,2014,0.1,0.14,0.07
IND,2015,0.25,0.36,0.17
IND,2016,0.27,0.39,0.18
IND,2017,0.23,0.33,0.16
IRL,2009,NA,NA,NA
IRL,2010,NA,NA,NA
IRL,2011,NA,NA,NA
IRL,2012,NA,NA,NA
IRL,2013,NA,NA,NA
IRL,2014,NA,NA,NA
IRL,2015,NA,NA,NA
IRL,2016,NA,NA,NA
IRL,2017,NA,NA,NA
IRN,2009,0.02,0.02,0.01
IRN,2010,0.13,0.18,0.09
IRN,2011,0.03,0.04,0.02
IRN,2012,0.09,0.13,0.06
IRN,2013,0.12,0.18,0.08
IRN,2014,0.15,0.24,0.09
IRN,2015,0.2,0.32,0.11
IRN,2016,0.23,0.39,0.13
IRN,2017,0.31,0.58,0.16
IRQ,2009,NA,NA,NA
IRQ,2010,NA,NA,NA
IRQ,2011,NA,NA,NA
IRQ,2012,NA,NA,NA
IRQ,2013,NA,NA,NA
IRQ,2014,NA,NA,NA
IRQ,2015,NA,NA,NA
IRQ,2016,NA,NA,NA
IRQ,2017,NA,NA,NA
ISL,2009,NA,NA,NA
ISL,2010,NA,NA,NA
ISL,2011,NA,NA,NA
ISL,2012,NA,NA,NA
ISL,2013,NA,NA,NA
ISL,2014,NA,NA,NA
ISL,2015,NA,NA,NA
ISL,2016,NA,NA,NA
ISL,2017,NA,NA,NA
ISR,2009,NA,NA,NA
ISR,2010,NA,NA,NA
ISR,2011,NA,NA,NA
ISR,2012,NA,NA,NA
ISR,2013,NA,NA,NA
ISR,2014,NA,NA,NA
ISR,2015,NA,NA,NA
ISR,2016,NA,NA,NA
ISR,2017,NA,NA,NA
ITA,2009,NA,NA,NA
ITA,2010,NA,NA,NA
ITA,2011,NA,NA,NA
ITA,2012,NA,NA,NA
ITA,2013,NA,NA,NA
ITA,2014,NA,NA,NA
ITA,2015,NA,NA,NA
ITA,2016,NA,NA,NA
ITA,2017,NA,NA,NA
JAM,2009,NA,NA,NA
JAM,2010,NA,NA,NA
JAM,2011,0.63,0.75,0.54
JAM,2012,NA,NA,NA
JAM,2013,0.68,0.79,0.59
JAM,2014,0.59,0.69,0.51
JAM,2015,NA,NA,NA
JAM,2016,NA,NA,NA
JAM,2017,NA,NA,NA
JOR,2009,NA,NA,NA
JOR,2010,NA,NA,NA
JOR,2011,NA,NA,NA
JOR,2012,NA,NA,NA
JOR,2013,NA,NA,NA
JOR,2014,NA,NA,NA
JOR,2015,NA,NA,NA
JOR,2016,NA,NA,NA
JOR,2017,NA,NA,NA
JPN,2009,NA,NA,NA
JPN,2010,NA,NA,NA
JPN,2011,NA,NA,NA
JPN,2012,NA,NA,NA
JPN,2013,NA,NA,NA
JPN,2014,NA,NA,NA
JPN,2015,NA,NA,NA
JPN,2016,NA,NA,NA
JPN,2017,NA,NA,NA
KAZ,2009,0.95,0.95,0.95
KAZ,2010,0.95,0.95,0.95
KAZ,2011,0.95,0.95,0.95
KAZ,2012,0.95,0.95,0.95
KAZ,2013,0.95,0.95,0.95
KAZ,2014,0.95,0.95,0.93
KAZ,2015,0.84,0.95,0.8
KAZ,2016,0.76,0.95,0.71
KAZ,2017,0.82,0.95,0.77
KEN,2009,NA,NA,NA
KEN,2010,0.75,0.95,0.63
KEN,2011,0.46,0.61,0.38
KEN,2012,0.45,0.6,0.38
KEN,2013,0.45,0.59,0.37
KEN,2014,0.74,0.95,0.62
KEN,2015,0.51,0.67,0.42
KEN,2016,0.56,0.74,0.47
KEN,2017,0.51,0.67,0.43
KGZ,2009,NA,NA,NA
KGZ,2010,NA,NA,NA
KGZ,2011,0.03,0.04,0.02
KGZ,2012,0.11,0.16,0.09
KGZ,2013,0.11,0.15,0.09
KGZ,2014,0.38,0.52,0.3
KGZ,2015,0.33,0.43,0.27
KGZ,2016,0.66,0.87,0.51
KGZ,2017,0.7,0.91,0.56
KHM,2009,NA,NA,NA
KHM,2010,0.45,0.54,0.39
KHM,2011,0.62,0.76,0.53
KHM,2012,0.34,0.42,0.28
KHM,2013,0.37,0.47,0.31
KHM,2014,0.37,0.47,0.3
KHM,2015,0.79,0.95,0.64
KHM,2016,0.74,0.95,0.61
KHM,2017,0.64,0.85,0.55
KIR,2009,NA,NA,NA
KIR,2010,NA,NA,NA
KIR,2011,NA,NA,NA
KIR,2012,NA,NA,NA
KIR,2013,NA,NA,NA
KIR,2014,NA,NA,NA
KIR,2015,NA,NA,NA
KIR,2016,NA,NA,NA
KIR,2017,NA,NA,NA
KNA,2009,NA,NA,NA
KNA,2010,NA,NA,NA
KNA,2011,NA,NA,NA
KNA,2012,NA,NA,NA
KNA,2013,NA,NA,NA
KNA,2014,NA,NA,NA
KNA,2015,NA,NA,NA
KNA,2016,NA,NA,NA
KNA,2017,NA,NA,NA
KOR,2009,NA,NA,NA
KOR,2010,NA,NA,NA
KOR,2011,NA,NA,NA
KOR,2012,NA,NA,NA
KOR,2013,NA,NA,NA
KOR,2014,NA,NA,NA
KOR,2015,NA,NA,NA
KOR,2016,NA,NA,NA
KOR,2017,NA,NA,NA
LAO,2009,NA,NA,NA
LAO,2010,0.01,0.01,0.01
LAO,2011,0.08,0.09,0.06
LAO,2012,0.06,0.07,0.05
LAO,2013,0.1,0.13,0.09
LAO,2014,0.03,0.03,0.02
LAO,2015,0.03,0.04,0.03
LAO,2016,0.07,0.08,0.06
LAO,2017,0.07,0.08,0.06
LBN,2009,NA,NA,NA
LBN,2010,NA,NA,NA
LBN,2011,NA,NA,NA
LBN,2012,NA,NA,NA
LBN,2013,NA,NA,NA
LBN,2014,NA,NA,NA
LBN,2015,NA,NA,NA
LBN,2016,NA,NA,NA
LBN,2017,NA,NA,NA
LBR,2009,0.05,0.07,0.04
LBR,2010,0.05,0.07,0.04
LBR,2011,0.17,0.23,0.13
LBR,2012,0.28,0.37,0.23
LBR,2013,0.31,0.41,0.25
LBR,2014,0.13,0.17,0.1
LBR,2015,NA,NA,NA
LBR,2016,NA,NA,NA
LBR,2017,NA,NA,NA
LBY,2009,NA,NA,NA
LBY,2010,NA,NA,NA
LBY,2011,NA,NA,NA
LBY,2012,NA,NA,NA
LBY,2013,NA,NA,NA
LBY,2014,NA,NA,NA
LBY,2015,NA,NA,NA
LBY,2016,NA,NA,NA
LBY,2017,NA,NA,NA
LCA,2009,NA,NA,NA
LCA,2010,NA,NA,NA
LCA,2011,NA,NA,NA
LCA,2012,NA,NA,NA
LCA,2013,NA,NA,NA
LCA,2014,NA,NA,NA
LCA,2015,NA,NA,NA
LCA,2016,NA,NA,NA
LCA,2017,NA,NA,NA
LKA,2009,NA,NA,NA
LKA,2010,NA,NA,NA
LKA,2011,NA,NA,NA
LKA,2012,NA,NA,NA
LKA,2013,NA,NA,NA
LKA,2014,NA,NA,NA
LKA,2015,NA,NA,NA
LKA,2016,NA,NA,NA
LKA,2017,NA,NA,NA
LSO,2009,0.43,0.53,0.38
LSO,2010,0.95,0.95,0.88
LSO,2011,0.95,0.95,0.84
LSO,2012,0.7,0.85,0.62
LSO,2013,0.47,0.56,0.42
LSO,2014,0.51,0.61,0.45
LSO,2015,0.87,0.95,0.78
LSO,2016,0.58,0.7,0.53
LSO,2017,0.51,0.6,0.46
LTU,2009,NA,NA,NA
LTU,2010,NA,NA,NA
LTU,2011,NA,NA,NA
LTU,2012,NA,NA,NA
LTU,2013,NA,NA,NA
LTU,2014,NA,NA,NA
LTU,2015,NA,NA,NA
LTU,2016,NA,NA,NA
LTU,2017,NA,NA,NA
LUX,2009,NA,NA,NA
LUX,2010,NA,NA,NA
LUX,2011,NA,NA,NA
LUX,2012,NA,NA,NA
LUX,2013,NA,NA,NA
LUX,2014,NA,NA,NA
LUX,2015,NA,NA,NA
LUX,2016,NA,NA,NA
LUX,2017,NA,NA,NA
LVA,2009,NA,NA,NA
LVA,2010,NA,NA,NA
LVA,2011,NA,NA,NA
LVA,2012,NA,NA,NA
LVA,2013,NA,NA,NA
LVA,2014,NA,NA,NA
LVA,2015,NA,NA,NA
LVA,2016,NA,NA,NA
LVA,2017,NA,NA,NA
MAR,2009,0.02,0.02,0.01
MAR,2010,0.21,0.28,0.17
MAR,2011,0.21,0.27,0.16
MAR,2012,0.68,0.86,0.53
MAR,2013,0.65,0.8,0.52
MAR,2014,0.62,0.78,0.5
MAR,2015,0.61,0.75,0.49
MAR,2016,0.59,0.72,0.48
MAR,2017,0.57,0.68,0.48
MDA,2009,0.95,0.95,0.89
MDA,2010,0.95,0.95,0.95
MDA,2011,0.95,0.95,0.77
MDA,2012,0.95,0.95,0.95
MDA,2013,0.95,0.95,0.89
MDA,2014,0.95,0.95,0.95
MDA,2015,0.95,0.95,0.95
MDA,2016,0.95,0.95,0.95
MDA,2017,0.95,0.95,0.95
MDG,2009,NA,NA,NA
MDG,2010,NA,NA,NA
MDG,2011,0,0,0
MDG,2012,0.01,0.01,0.01
MDG,2013,NA,NA,NA
MDG,2014,NA,NA,NA
MDG,2015,NA,NA,NA
MDG,2016,NA,NA,NA
MDG,2017,NA,NA,NA
MDV,2009,NA,NA,NA
MDV,2010,NA,NA,NA
MDV,2011,NA,NA,NA
MDV,2012,NA,NA,NA
MDV,2013,NA,NA,NA
MDV,2014,NA,NA,NA
MDV,2015,NA,NA,NA
MDV,2016,NA,NA,NA
MDV,2017,NA,NA,NA
MEX,2009,NA,NA,NA
MEX,2010,NA,NA,NA
MEX,2011,NA,NA,NA
MEX,2012,NA,NA,NA
MEX,2013,NA,NA,NA
MEX,2014,NA,NA,NA
MEX,2015,NA,NA,NA
MEX,2016,NA,NA,NA
MEX,2017,NA,NA,NA
MHL,2009,NA,NA,NA
MHL,2010,NA,NA,NA
MHL,2011,NA,NA,NA
MHL,2012,NA,NA,NA
MHL,2013,NA,NA,NA
MHL,2014,NA,NA,NA
MHL,2015,NA,NA,NA
MHL,2016,NA,NA,NA
MHL,2017,NA,NA,NA
MKD,2009,NA,NA,NA
MKD,2010,NA,NA,NA
MKD,2011,NA,NA,NA
MKD,2012,NA,NA,NA
MKD,2013,NA,NA,NA
MKD,2014,NA,NA,NA
MKD,2015,NA,NA,NA
MKD,2016,NA,NA,NA
MKD,2017,NA,NA,NA
MLI,2009,0.08,0.09,0.06
MLI,2010,0.08,0.09,0.07
MLI,2011,0.08,0.09,0.06
MLI,2012,0.1,0.12,0.09
MLI,2013,0.08,0.1,0.07
MLI,2014,0.06,0.07,0.05
MLI,2015,0.03,0.03,0.02
MLI,2016,0.11,0.13,0.1
MLI,2017,0.11,0.13,0.09
MLT,2009,NA,NA,NA
MLT,2010,NA,NA,NA
MLT,2011,NA,NA,NA
MLT,2012,NA,NA,NA
MLT,2013,NA,NA,NA
MLT,2014,NA,NA,NA
MLT,2015,NA,NA,NA
MLT,2016,NA,NA,NA
MLT,2017,NA,NA,NA
MMR,2009,NA,NA,NA
MMR,2010,0.01,0.02,0.01
MMR,2011,0.04,0.05,0.03
MMR,2012,0.05,0.06,0.05
MMR,2013,0.09,0.11,0.08
MMR,2014,0.12,0.15,0.11
MMR,2015,0.15,0.18,0.13
MMR,2016,0.26,0.31,0.23
MMR,2017,0.28,0.33,0.25
MNE,2009,NA,NA,NA
MNE,2010,NA,NA,NA
MNE,2011,NA,NA,NA
MNE,2012,NA,NA,NA
MNE,2013,NA,NA,NA
MNE,2014,NA,NA,NA
MNE,2015,NA,NA,NA
MNE,2016,NA,NA,NA
MNE,2017,NA,NA,NA
MNG,2009,NA,NA,NA
MNG,2010,NA,NA,NA
MNG,2011,NA,NA,NA
MNG,2012,NA,NA,NA
MNG,2013,NA,NA,NA
MNG,2014,NA,NA,NA
MNG,2015,NA,NA,NA
MNG,2016,NA,NA,NA
MNG,2017,NA,NA,NA
MOZ,2009,NA,NA,NA
MOZ,2010,0.31,0.42,0.25
MOZ,2011,0.36,0.49,0.28
MOZ,2012,0.3,0.41,0.24
MOZ,2013,0.31,0.42,0.24
MOZ,2014,0.38,0.52,0.3
MOZ,2015,0.41,0.56,0.33
MOZ,2016,0.44,0.59,0.35
MOZ,2017,0.5,0.68,0.39
MRT,2009,NA,NA,NA
MRT,2010,NA,NA,NA
MRT,2011,NA,NA,NA
MRT,2012,NA,NA,NA
MRT,2013,NA,NA,NA
MRT,2014,NA,NA,NA
MRT,2015,NA,NA,NA
MRT,2016,0.08,0.1,0.06
MRT,2017,0.08,0.11,0.07
MUS,2009,NA,NA,NA
MUS,2010,NA,NA,NA
MUS,2011,NA,NA,NA
MUS,2012,NA,NA,NA
MUS,2013,NA,NA,NA
MUS,2014,NA,NA,NA
MUS,2015,NA,NA,NA
MUS,2016,NA,NA,NA
MUS,2017,NA,NA,NA
MWI,2009,NA,NA,NA
MWI,2010,NA,NA,NA
MWI,2011,NA,NA,NA
MWI,2012,0.06,0.07,0.05
MWI,2013,0.17,0.21,0.15
MWI,2014,0.21,0.26,0.19
MWI,2015,0.2,0.25,0.18
MWI,2016,0.31,0.38,0.27
MWI,2017,0.52,0.63,0.45
MYS,2009,0.37,0.44,0.32
MYS,2010,0.61,0.72,0.52
MYS,2011,0.68,0.79,0.57
MYS,2012,0.68,0.78,0.59
MYS,2013,0.77,0.93,0.67
MYS,2014,0.87,0.95,0.75
MYS,2015,0.75,0.87,0.65
MYS,2016,0.69,0.8,0.59
MYS,2017,0.95,0.95,0.86
NAM,2009,NA,NA,NA
NAM,2010,0.57,0.72,0.5
NAM,2011,0.85,0.95,0.75
NAM,2012,0.59,0.74,0.53
NAM,2013,0.55,0.68,0.5
NAM,2014,0.91,0.95,0.81
NAM,2015,0.17,0.21,0.15
NAM,2016,0.53,0.65,0.47
NAM,2017,0.95,0.95,0.95
NER,2009,NA,NA,NA
NER,2010,NA,NA,NA
NER,2011,NA,NA,NA
NER,2012,0.01,0.02,0.01
NER,2013,0.09,0.1,0.08
NER,2014,0.02,0.02,0.02
NER,2015,0.11,0.13,0.1
NER,2016,0.05,0.06,0.04
NER,2017,0.1,0.12,0.09
NGA,2009,0.04,0.07,0.03
NGA,2010,0.06,0.1,0.04
NGA,2011,0.07,0.11,0.05
NGA,2012,0.06,0.09,0.04
NGA,2013,0.05,0.08,0.03
NGA,2014,0.06,0.09,0.04
NGA,2015,0.1,0.16,0.07
NGA,2016,0.11,0.18,0.08
NGA,2017,0.12,0.19,0.08
NIC,2009,0.5,0.69,0.33
NIC,2010,0.38,0.51,0.25
NIC,2011,0.95,0.95,0.7
NIC,2012,0.47,0.64,0.33
NIC,2013,0.57,0.77,0.42
NIC,2014,0.51,0.69,0.39
NIC,2015,0.65,0.84,0.49
NIC,2016,0.6,0.76,0.45
NIC,2017,0.75,0.95,0.58
NIU,2009,NA,NA,NA
NIU,2010,NA,NA,NA
NIU,2011,NA,NA,NA
NIU,2012,NA,NA,NA
NIU,2013,NA,NA,NA
NIU,2014,NA,NA,NA
NIU,2015,NA,NA,NA
NIU,2016,NA,NA,NA
NIU,2017,NA,NA,NA
NLD,2009,NA,NA,NA
NLD,2010,NA,NA,NA
NLD,2011,NA,NA,NA
NLD,2012,NA,NA,NA
NLD,2013,NA,NA,NA
NLD,2014,NA,NA,NA
NLD,2015,NA,NA,NA
NLD,2016,NA,NA,NA
NLD,2017,NA,NA,NA
NOR,2009,NA,NA,NA
NOR,2010,NA,NA,NA
NOR,2011,NA,NA,NA
NOR,2012,NA,NA,NA
NOR,2013,NA,NA,NA
NOR,2014,NA,NA,NA
NOR,2015,NA,NA,NA
NOR,2016,NA,NA,NA
NOR,2017,NA,NA,NA
NPL,2009,0.02,0.02,0.01
NPL,2010,0.03,0.04,0.03
NPL,2011,0.05,0.06,0.04
NPL,2012,0.09,0.11,0.08
NPL,2013,0.05,0.06,0.04
NPL,2014,0.08,0.1,0.07
NPL,2015,0.21,0.26,0.18
NPL,2016,0.26,0.31,0.21
NPL,2017,0.45,0.53,0.38
NRU,2009,NA,NA,NA
NRU,2010,NA,NA,NA
NRU,2011,NA,NA,NA
NRU,2012,NA,NA,NA
NRU,2013,NA,NA,NA
NRU,2014,NA,NA,NA
NRU,2015,NA,NA,NA
NRU,2016,NA,NA,NA
NRU,2017,NA,NA,NA
NZL,2009,NA,NA,NA
NZL,2010,NA,NA,NA
NZL,2011,NA,NA,NA
NZL,2012,NA,NA,NA
NZL,2013,NA,NA,NA
NZL,2014,NA,NA,NA
NZL,2015,NA,NA,NA
NZL,2016,NA,NA,NA
NZL,2017,NA,NA,NA
OMN,2009,NA,NA,NA
OMN,2010,NA,NA,NA
OMN,2011,NA,NA,NA
OMN,2012,NA,NA,NA
OMN,2013,NA,NA,NA
OMN,2014,NA,NA,NA
OMN,2015,NA,NA,NA
OMN,2016,NA,NA,NA
OMN,2017,NA,NA,NA
PAK,2009,0.01,0.01,0.01
PAK,2010,0.01,0.02,0.01
PAK,2011,0.01,0.02,0.01
PAK,2012,0,0,0
PAK,2013,0.01,0.02,0.01
PAK,2014,0.01,0.02,0.01
PAK,2015,0,0.01,0
PAK,2016,0,0.01,0
PAK,2017,0.01,0.01,0.01
PAN,2009,NA,NA,NA
PAN,2010,0.3,0.35,0.27
PAN,2011,0.39,0.44,0.35
PAN,2012,0.2,0.22,0.18
PAN,2013,0.39,0.44,0.35
PAN,2014,0.45,0.51,0.41
PAN,2015,0.55,0.62,0.5
PAN,2016,0.51,0.58,0.47
PAN,2017,0.49,0.56,0.45
PER,2009,NA,NA,NA
PER,2010,NA,NA,NA
PER,2011,0.13,0.16,0.1
PER,2012,0.25,0.31,0.19
PER,2013,0.36,0.44,0.28
PER,2014,0.29,0.36,0.22
PER,2015,0.63,0.79,0.49
PER,2016,0.41,0.5,0.31
PER,2017,0.78,0.95,0.6
PHL,2009,0.01,0.01,0.01
PHL,2010,0.03,0.04,0.03
PHL,2011,0.05,0.06,0.04
PHL,2012,0.03,0.04,0.03
PHL,2013,0,0,0
PHL,2014,0.02,0.02,0.01
PHL,2015,0.03,0.03,0.03
PHL,2016,0.04,0.05,0.04
PHL,2017,0.05,0.05,0.04
PLW,2009,NA,NA,NA
PLW,2010,NA,NA,NA
PLW,2011,NA,NA,NA
PLW,2012,NA,NA,NA
PLW,2013,NA,NA,NA
PLW,2014,NA,NA,NA
PLW,2015,NA,NA,NA
PLW,2016,NA,NA,NA
PLW,2017,NA,NA,NA
PNG,2009,NA,NA,NA
PNG,2010,NA,NA,NA
PNG,2011,0.23,0.31,0.2
PNG,2012,0.18,0.23,0.15
PNG,2013,0.53,0.69,0.46
PNG,2014,0.3,0.4,0.26
PNG,2015,0.37,0.47,0.32
PNG,2016,0.36,0.46,0.31
PNG,2017,0.35,0.45,0.3
POL,2009,NA,NA,NA
POL,2010,NA,NA,NA
POL,2011,NA,NA,NA
POL,2012,NA,NA,NA
POL,2013,NA,NA,NA
POL,2014,NA,NA,NA
POL,2015,NA,NA,NA
POL,2016,NA,NA,NA
POL,2017,NA,NA,NA
PRK,2009,NA,NA,NA
PRK,2010,NA,NA,NA
PRK,2011,NA,NA,NA
PRK,2012,NA,NA,NA
PRK,2013,NA,NA,NA
PRK,2014,NA,NA,NA
PRK,2015,NA,NA,NA
PRK,2016,NA,NA,NA
PRK,2017,NA,NA,NA
PRT,2009,NA,NA,NA
PRT,2010,NA,NA,NA
PRT,2011,NA,NA,NA
PRT,2012,NA,NA,NA
PRT,2013,NA,NA,NA
PRT,2014,NA,NA,NA
PRT,2015,NA,NA,NA
PRT,2016,NA,NA,NA
PRT,2017,NA,NA,NA
PRY,2009,NA,NA,NA
PRY,2010,0.27,0.4,0.17
PRY,2011,0.34,0.5,0.22
PRY,2012,0.5,0.74,0.31
PRY,2013,0.39,0.56,0.23
PRY,2014,0.38,0.55,0.22
PRY,2015,0.47,0.69,0.26
PRY,2016,0.52,0.79,0.28
PRY,2017,0.52,0.8,0.26
PSE,2009,NA,NA,NA
PSE,2010,NA,NA,NA
PSE,2011,NA,NA,NA
PSE,2012,NA,NA,NA
PSE,2013,NA,NA,NA
PSE,2014,NA,NA,NA
PSE,2015,NA,NA,NA
PSE,2016,NA,NA,NA
PSE,2017,NA,NA,NA
ROU,2009,NA,NA,NA
ROU,2010,NA,NA,NA
ROU,2011,NA,NA,NA
ROU,2012,NA,NA,NA
ROU,2013,NA,NA,NA
ROU,2014,NA,NA,NA
ROU,2015,NA,NA,NA
ROU,2016,NA,NA,NA
ROU,2017,NA,NA,NA
RUS,2009,NA,NA,NA
RUS,2010,NA,NA,NA
RUS,2011,NA,NA,NA
RUS,2012,NA,NA,NA
RUS,2013,NA,NA,NA
RUS,2014,0.64,0.85,0.49
RUS,2015,0.58,0.8,0.45
RUS,2016,0.54,0.72,0.41
RUS,2017,0.84,0.95,0.65
RWA,2009,0.58,0.75,0.49
RWA,2010,0.73,0.95,0.63
RWA,2011,0.74,0.95,0.63
RWA,2012,0.81,0.95,0.7
RWA,2013,0.83,0.95,0.71
RWA,2014,0.87,0.95,0.74
RWA,2015,0.84,0.95,0.73
RWA,2016,0.9,0.95,0.78
RWA,2017,0.85,0.95,0.74
SAU,2009,NA,NA,NA
SAU,2010,NA,NA,NA
SAU,2011,NA,NA,NA
SAU,2012,NA,NA,NA
SAU,2013,NA,NA,NA
SAU,2014,NA,NA,NA
SAU,2015,NA,NA,NA
SAU,2016,NA,NA,NA
SAU,2017,NA,NA,NA
SDN,2009,NA,NA,NA
SDN,2010,NA,NA,NA
SDN,2011,NA,NA,NA
SDN,2012,NA,NA,NA
SDN,2013,NA,NA,NA
SDN,2014,NA,NA,NA
SDN,2015,NA,NA,NA
SDN,2016,NA,NA,NA
SDN,2017,NA,NA,NA
SEN,2009,0.11,0.13,0.09
SEN,2010,0.11,0.12,0.09
SEN,2011,0.09,0.1,0.08
SEN,2012,0.1,0.12,0.09
SEN,2013,0.12,0.15,0.11
SEN,2014,0.12,0.14,0.1
SEN,2015,0.16,0.2,0.14
SEN,2016,0.13,0.16,0.11
SEN,2017,0.23,0.28,0.2
SGP,2009,NA,NA,NA
SGP,2010,NA,NA,NA
SGP,2011,NA,NA,NA
SGP,2012,NA,NA,NA
SGP,2013,NA,NA,NA
SGP,2014,NA,NA,NA
SGP,2015,NA,NA,NA
SGP,2016,NA,NA,NA
SGP,2017,NA,NA,NA
SLB,2009,NA,NA,NA
SLB,2010,NA,NA,NA
SLB,2011,NA,NA,NA
SLB,2012,NA,NA,NA
SLB,2013,NA,NA,NA
SLB,2014,NA,NA,NA
SLB,2015,NA,NA,NA
SLB,2016,NA,NA,NA
SLB,2017,NA,NA,NA
SLE,2009,NA,NA,NA
SLE,2010,0.01,0.01,0
SLE,2011,0.01,0.01,0.01
SLE,2012,0.02,0.02,0.02
SLE,2013,0.25,0.3,0.2
SLE,2014,0.02,0.03,0.02
SLE,2015,0.03,0.04,0.03
SLE,2016,0.06,0.08,0.05
SLE,2017,0.07,0.1,0.06
SLV,2009,NA,NA,NA
SLV,2010,0.28,0.32,0.25
SLV,2011,0.28,0.31,0.25
SLV,2012,0.02,0.02,0.02
SLV,2013,0.31,0.35,0.28
SLV,2014,0.4,0.46,0.37
SLV,2015,0.4,0.45,0.36
SLV,2016,0.35,0.41,0.32
SLV,2017,0.34,0.39,0.31
SOM,2009,NA,NA,NA
SOM,2010,NA,NA,NA
SOM,2011,NA,NA,NA
SOM,2012,NA,NA,NA
SOM,2013,NA,NA,NA
SOM,2014,NA,NA,NA
SOM,2015,NA,NA,NA
SOM,2016,NA,NA,NA
SOM,2017,NA,NA,NA
SRB,2009,NA,NA,NA
SRB,2010,NA,NA,NA
SRB,2011,NA,NA,NA
SRB,2012,NA,NA,NA
SRB,2013,NA,NA,NA
SRB,2014,NA,NA,NA
SRB,2015,NA,NA,NA
SRB,2016,NA,NA,NA
SRB,2017,NA,NA,NA
SSD,2009,NA,NA,NA
SSD,2010,NA,NA,NA
SSD,2011,NA,NA,NA
SSD,2012,NA,NA,NA
SSD,2013,NA,NA,NA
SSD,2014,NA,NA,NA
SSD,2015,0.01,0.02,0.01
SSD,2016,0.03,0.04,0.02
SSD,2017,0.1,0.15,0.07
STP,2009,NA,NA,NA
STP,2010,NA,NA,NA
STP,2011,NA,NA,NA
STP,2012,NA,NA,NA
STP,2013,NA,NA,NA
STP,2014,NA,NA,NA
STP,2015,NA,NA,NA
STP,2016,NA,NA,NA
STP,2017,NA,NA,NA
SUR,2009,0.09,0.11,0.07
SUR,2010,0.09,0.11,0.07
SUR,2011,0.09,0.11,0.07
SUR,2012,0.34,0.39,0.26
SUR,2013,0.58,0.65,0.43
SUR,2014,0.81,0.93,0.62
SUR,2015,0.95,0.95,0.79
SUR,2016,0.95,0.95,0.76
SUR,2017,0.67,0.76,0.52
SVK,2009,NA,NA,NA
SVK,2010,NA,NA,NA
SVK,2011,NA,NA,NA
SVK,2012,NA,NA,NA
SVK,2013,NA,NA,NA
SVK,2014,NA,NA,NA
SVK,2015,NA,NA,NA
SVK,2016,NA,NA,NA
SVK,2017,NA,NA,NA
SVN,2009,NA,NA,NA
SVN,2010,NA,NA,NA
SVN,2011,NA,NA,NA
SVN,2012,NA,NA,NA
SVN,2013,NA,NA,NA
SVN,2014,NA,NA,NA
SVN,2015,NA,NA,NA
SVN,2016,NA,NA,NA
SVN,2017,NA,NA,NA
SWE,2009,NA,NA,NA
SWE,2010,NA,NA,NA
SWE,2011,NA,NA,NA
SWE,2012,NA,NA,NA
SWE,2013,NA,NA,NA
SWE,2014,NA,NA,NA
SWE,2015,NA,NA,NA
SWE,2016,NA,NA,NA
SWE,2017,NA,NA,NA
SWZ,2009,NA,NA,NA
SWZ,2010,0.5,0.59,0.45
SWZ,2011,0.93,0.95,0.84
SWZ,2012,0.95,0.95,0.86
SWZ,2013,0.87,0.95,0.79
SWZ,2014,0.84,0.95,0.76
SWZ,2015,0.88,0.95,0.8
SWZ,2016,0.82,0.95,0.75
SWZ,2017,0.81,0.95,0.73
SYC,2009,NA,NA,NA
SYC,2010,NA,NA,NA
SYC,2011,NA,NA,NA
SYC,2012,NA,NA,NA
SYC,2013,NA,NA,NA
SYC,2014,NA,NA,NA
SYC,2015,NA,NA,NA
SYC,2016,NA,NA,NA
SYC,2017,NA,NA,NA
SYR,2009,NA,NA,NA
SYR,2010,NA,NA,NA
SYR,2011,NA,NA,NA
SYR,2012,NA,NA,NA
SYR,2013,NA,NA,NA
SYR,2014,NA,NA,NA
SYR,2015,NA,NA,NA
SYR,2016,NA,NA,NA
SYR,2017,NA,NA,NA
TCD,2009,NA,NA,NA
TCD,2010,0.03,0.04,0.03
TCD,2011,0.02,0.02,0.01
TCD,2012,0.06,0.08,0.05
TCD,2013,0.06,0.08,0.05
TCD,2014,0.07,0.09,0.06
TCD,2015,0.05,0.06,0.04
TCD,2016,0.05,0.06,0.04
TCD,2017,0.05,0.06,0.04
TGO,2009,0.07,0.12,0.05
TGO,2010,0.14,0.23,0.1
TGO,2011,0.05,0.07,0.03
TGO,2012,0.11,0.18,0.08
TGO,2013,0.11,0.18,0.08
TGO,2014,0.16,0.26,0.12
TGO,2015,0.17,0.27,0.12
TGO,2016,0.36,0.57,0.25
TGO,2017,0.36,0.57,0.25
THA,2009,NA,NA,NA
THA,2010,0.54,0.66,0.46
THA,2011,0.56,0.68,0.47
THA,2012,0.64,0.78,0.54
THA,2013,0.68,0.85,0.57
THA,2014,0.7,0.87,0.58
THA,2015,0.92,0.95,0.77
THA,2016,0.92,0.95,0.77
THA,2017,0.94,0.95,0.79
TJK,2009,0.01,0.01,0
TJK,2010,0.04,0.05,0.03
TJK,2011,0.08,0.1,0.06
TJK,2012,0.11,0.13,0.09
TJK,2013,0.14,0.17,0.11
TJK,2014,0.14,0.17,0.11
TJK,2015,0.3,0.37,0.24
TJK,2016,0.21,0.26,0.17
TJK,2017,0.43,0.54,0.34
TKM,2009,NA,NA,NA
TKM,2010,NA,NA,NA
TKM,2011,NA,NA,NA
TKM,2012,NA,NA,NA
TKM,2013,NA,NA,NA
TKM,2014,NA,NA,NA
TKM,2015,NA,NA,NA
TKM,2016,NA,NA,NA
TKM,2017,NA,NA,NA
TLS,2009,NA,NA,NA
TLS,2010,NA,NA,NA
TLS,2011,NA,NA,NA
TLS,2012,NA,NA,NA
TLS,2013,NA,NA,NA
TLS,2014,NA,NA,NA
TLS,2015,NA,NA,NA
TLS,2016,NA,NA,NA
TLS,2017,NA,NA,NA
TON,2009,NA,NA,NA
TON,2010,NA,NA,NA
TON,2011,NA,NA,NA
TON,2012,NA,NA,NA
TON,2013,NA,NA,NA
TON,2014,NA,NA,NA
TON,2015,NA,NA,NA
TON,2016,NA,NA,NA
TON,2017,NA,NA,NA
TTO,2009,NA,NA,NA
TTO,2010,NA,NA,NA
TTO,2011,NA,NA,NA
TTO,2012,0.37,0.42,0.34
TTO,2013,0.5,0.57,0.46
TTO,2014,0.95,0.95,0.94
TTO,2015,0.83,0.92,0.76
TTO,2016,0.9,0.95,0.83
TTO,2017,0.94,0.95,0.86
TUN,2009,NA,NA,NA
TUN,2010,NA,NA,NA
TUN,2011,0.16,0.21,0.12
TUN,2012,0.14,0.18,0.11
TUN,2013,0.18,0.23,0.13
TUN,2014,0.33,0.41,0.25
TUN,2015,0.4,0.5,0.3
TUN,2016,0.31,0.37,0.23
TUN,2017,0.13,0.17,0.1
TUR,2009,NA,NA,NA
TUR,2010,NA,NA,NA
TUR,2011,NA,NA,NA
TUR,2012,NA,NA,NA
TUR,2013,NA,NA,NA
TUR,2014,NA,NA,NA
TUR,2015,NA,NA,NA
TUR,2016,NA,NA,NA
TUR,2017,NA,NA,NA
TUV,2009,NA,NA,NA
TUV,2010,NA,NA,NA
TUV,2011,NA,NA,NA
TUV,2012,NA,NA,NA
TUV,2013,NA,NA,NA
TUV,2014,NA,NA,NA
TUV,2015,NA,NA,NA
TUV,2016,NA,NA,NA
TUV,2017,NA,NA,NA
TZA,2009,0.13,0.16,0.11
TZA,2010,0.24,0.3,0.2
TZA,2011,0.3,0.37,0.25
TZA,2012,0.29,0.36,0.25
TZA,2013,0.29,0.35,0.25
TZA,2014,0.39,0.48,0.33
TZA,2015,0.38,0.47,0.33
TZA,2016,0.39,0.48,0.34
TZA,2017,0.36,0.45,0.31
UGA,2009,0.08,0.09,0.07
UGA,2010,0.13,0.16,0.11
UGA,2011,0.38,0.46,0.33
UGA,2012,0.45,0.55,0.4
UGA,2013,0.5,0.6,0.44
UGA,2014,0.69,0.84,0.62
UGA,2015,0.43,0.52,0.38
UGA,2016,0.35,0.42,0.31
UGA,2017,0.48,0.59,0.42
UKR,2009,0.78,0.95,0.65
UKR,2010,0.95,0.95,0.86
UKR,2011,0.81,0.95,0.68
UKR,2012,0.88,0.95,0.75
UKR,2013,0.95,0.95,0.81
UKR,2014,0.78,0.92,0.68
UKR,2015,0.47,0.55,0.41
UKR,2016,0.55,0.63,0.48
UKR,2017,0.48,0.55,0.42
UNK,2009,NA,NA,NA
UNK,2010,NA,NA,NA
UNK,2011,NA,NA,NA
UNK,2012,NA,NA,NA
UNK,2013,NA,NA,NA
UNK,2014,NA,NA,NA
UNK,2015,NA,NA,NA
UNK,2016,NA,NA,NA
UNK,2017,NA,NA,NA
URY,2009,NA,NA,NA
URY,2010,0.62,0.73,0.54
URY,2011,0.68,0.8,0.59
URY,2012,0.85,0.95,0.75
URY,2013,0.95,0.95,0.95
URY,2014,0.95,0.95,0.89
URY,2015,0.95,0.95,0.95
URY,2016,0.9,0.95,0.81
URY,2017,0.95,0.95,0.95
USA,2009,NA,NA,NA
USA,2010,NA,NA,NA
USA,2011,NA,NA,NA
USA,2012,NA,NA,NA
USA,2013,NA,NA,NA
USA,2014,NA,NA,NA
USA,2015,NA,NA,NA
USA,2016,NA,NA,NA
USA,2017,NA,NA,NA
UZB,2009,0,0.01,0
UZB,2010,0.12,0.16,0.09
UZB,2011,0.58,0.73,0.46
UZB,2012,0.54,0.72,0.4
UZB,2013,0.48,0.63,0.38
UZB,2014,0.84,0.95,0.66
UZB,2015,0.76,0.95,0.61
UZB,2016,0.74,0.9,0.59
UZB,2017,0.56,0.7,0.45
VCT,2009,NA,NA,NA
VCT,2010,NA,NA,NA
VCT,2011,NA,NA,NA
VCT,2012,NA,NA,NA
VCT,2013,NA,NA,NA
VCT,2014,NA,NA,NA
VCT,2015,NA,NA,NA
VCT,2016,NA,NA,NA
VCT,2017,NA,NA,NA
VEN,2009,NA,NA,NA
VEN,2010,NA,NA,NA
VEN,2011,NA,NA,NA
VEN,2012,NA,NA,NA
VEN,2013,NA,NA,NA
VEN,2014,NA,NA,NA
VEN,2015,NA,NA,NA
VEN,2016,NA,NA,NA
VEN,2017,NA,NA,NA
VNM,2009,NA,NA,NA
VNM,2010,NA,NA,NA
VNM,2011,0.31,0.37,0.26
VNM,2012,0.3,0.36,0.25
VNM,2013,0.63,0.77,0.53
VNM,2014,0.41,0.48,0.35
VNM,2015,0.49,0.58,0.42
VNM,2016,0.49,0.58,0.41
VNM,2017,0.31,0.36,0.26
VUT,2009,NA,NA,NA
VUT,2010,NA,NA,NA
VUT,2011,NA,NA,NA
VUT,2012,NA,NA,NA
VUT,2013,NA,NA,NA
VUT,2014,NA,NA,NA
VUT,2015,NA,NA,NA
VUT,2016,NA,NA,NA
VUT,2017,NA,NA,NA
WSM,2009,NA,NA,NA
WSM,2010,NA,NA,NA
WSM,2011,NA,NA,NA
WSM,2012,NA,NA,NA
WSM,2013,NA,NA,NA
WSM,2014,NA,NA,NA
WSM,2015,NA,NA,NA
WSM,2016,NA,NA,NA
WSM,2017,NA,NA,NA
YEM,2009,NA,NA,NA
YEM,2010,NA,NA,NA
YEM,2011,NA,NA,NA
YEM,2012,NA,NA,NA
YEM,2013,NA,NA,NA
YEM,2014,NA,NA,NA
YEM,2015,NA,NA,NA
YEM,2016,NA,NA,NA
YEM,2017,NA,NA,NA
ZAF,2009,NA,NA,NA
ZAF,2010,0.66,0.88,0.56
ZAF,2011,0.65,0.86,0.54
ZAF,2012,0.89,0.95,0.75
ZAF,2013,0.75,0.95,0.63
ZAF,2014,0.86,0.95,0.73
ZAF,2015,0.95,0.95,0.95
ZAF,2016,0.79,0.95,0.67
ZAF,2017,0.95,0.95,0.85
ZMB,2009,0.59,0.7,0.53
ZMB,2010,0.27,0.32,0.24
ZMB,2011,0.7,0.84,0.63
ZMB,2012,0.74,0.88,0.67
ZMB,2013,0.64,0.76,0.57
ZMB,2014,0.91,0.95,0.81
ZMB,2015,0.43,0.52,0.39
ZMB,2016,0.43,0.51,0.39
ZMB,2017,0.46,0.54,0.41
ZWE,2009,NA,NA,NA
ZWE,2010,0.12,0.15,0.1
ZWE,2011,0.23,0.28,0.2
ZWE,2012,0.38,0.47,0.33
ZWE,2013,0.57,0.7,0.49
ZWE,2014,0.54,0.67,0.47
ZWE,2015,0.59,0.73,0.51
ZWE,2016,0.71,0.88,0.62
ZWE,2017,0.65,0.81,0.57
